Premessa;Conclusione;Supporto;Confidenza
Sub25; Sub212;0.30275689223057645;0.30275689223057645
